{"val_loss": [1.1880523468017579, 1.403025785446167, 0.9259653030395508, 0.7559004452705383, 0.7227390281677246, 0.720273450088501, 0.6715642317771912, 0.646642598438263, 0.6596450723648072, 0.6442940324783325, 0.607287644481659, 0.6094710399627685, 0.6069727882385254, 0.5847376544952393, 0.6935881625175476, 0.5771063148498535, 0.5845966320037842, 0.5769132690429688, 0.6187323358535767, 0.6055318407058716, 0.5909724674224853, 0.5926390522003174, 0.5767139824867249, 0.5987031669616699, 0.5918306838989258, 0.6060802382469177, 0.5756051126480103, 0.6011311596870422, 0.598526456451416], "val_acc": [0.5871, 0.5371, 0.679, 0.7405, 0.7481, 0.7522, 0.7708, 0.7829, 0.7786, 0.7815, 0.7916, 0.7946, 0.798, 0.8045, 0.7677, 0.8119, 0.8024, 0.8135, 0.8008, 0.8066, 0.8161, 0.8144, 0.821, 0.8172, 0.8146, 0.813, 0.8226, 0.821, 0.8205], "loss": [1.6296994026184082, 1.1646955069351197, 0.9951076557731628, 0.8821687929725647, 0.8031746645355224, 0.7376645065307618, 0.6873798663711548, 0.64224146692276, 0.5937303395080566, 0.5553483640670777, 0.5251068145179748, 0.5040801271438599, 0.46424852418899537, 0.44814526773452756, 0.4185517453384399, 0.4026818947982788, 0.3782359599637985, 0.355623002948761, 0.34175081565856935, 0.3474516339969635, 0.3235095678901672, 0.3030422677898407, 0.29150483389377596, 0.28035310554504395, 0.26407047481536866, 0.2556523337841034, 0.24266620756149293, 0.23102375945806503, 0.23049271644353866], "acc": [0.45974, 0.59818, 0.65586, 0.69448, 0.72148, 0.74218, 0.76006, 0.77382, 0.79412, 0.80412, 0.8145, 0.82458, 0.83722, 0.84148, 0.85148, 0.85744, 0.86726, 0.87298, 0.87794, 0.87648, 0.88546, 0.89214, 0.89838, 0.90048, 0.90566, 0.90932, 0.91298, 0.91742, 0.9178]}